-1.1,51.8,-136.2,150,200,201,-0.006342112388647958,0.36635359574825138,-0.93045409370520626
1.1,51.8,-136.2,150,201,200,0.0063421123886482078,0.36635359574825133,-0.93045409370520615
-18.0,51.4,-136.2,151,192,209,-0.10766598146594782,0.3585817292793409,-0.927268666494243
-12.6,50.5,-136.2,151,194,206,-0.076112126644876474,0.35571457490354369,-0.93149024974971462
-3.1,49.6,-136.2,151,198,201,-0.019054222810030691,0.35280240240117811,-0.93550382225465167
-1.0,49.6,-136.2,151,199,200,-0.0063518986765015179,0.35282558581749751,-0.93566754746316994
1.0,49.6,-136.2,151,200,199,0.0063518986765017677,0.35282558581749751,-0.93566754746316994
3.1,49.6,-136.2,151,201,198,0.019054222810030882,0.35280240240117811,-0.93550382225465156
12.6,50.5,-136.2,151,206,194,0.076112126644876738,0.35571457490354369,-0.93149024974971462
18.0,51.4,-136.2,151,209,192,0.10766598146594802,0.3585817292793409,-0.927268666494243
-17.8,49.2,-136.2,152,191,208,-0.10782977790863357,0.34503832382802485,-0.93237400976545992
-12.5,48.3,-136.2,152,193,205,-0.076227683323231599,0.34212025152743941,-0.93655916726599542
-3.1,47.5,-136.2,152,197,200,-0.019083100357949745,0.33915860203995363,-0.94053563353178316
-1.0,47.5,-136.2,152,198,199,-0.0063615226840350036,0.3391810204554756,-0.94069961538842084
1.0,47.5,-136.2,152,199,198,0.0063615226840352257,0.33918102045547566,-0.94069961538842084
3.1,47.5,-136.2,152,200,197,0.019083100357950022,0.33915860203995368,-0.94053563353178316
12.5,48.3,-136.2,152,205,193,0.076227683323231835,0.34212025152743936,-0.93655916726599531
17.8,49.2,-136.2,152,208,191,0.10782977790863379,0.3450383238280248,-0.93237400976545981
-17.7,47.0,-136.2,153,190,207,-0.10799059881450043,0.33137996359684063,-0.93729683147562282
-12.4,46.1,-136.2,153,192,204,-0.076341062578835731,0.32841206813956741,-0.94144439860494489
12.4,46.1,-136.2,153,204,192,0.076341062578835939,0.32841206813956741,-0.941444398604945
17.7,47.0,-136.2,153,207,190,0.10799059881450071,0.33137996359684069,-0.93729683147562293
-17.5,44.8,-136.2,154,189,206,-0.10814801823880651,0.31761050894124332,-0.94203374183789357
-10.2,43.9,-136.2,154,192,202,-0.063736701638816964,0.31470906125885639,-0.94704584874533593
10.2,43.9,-136.2,154,202,192,0.063736701638817186,0.31470906125885639,-0.94704584874533604
17.5,44.8,-136.2,154,206,189,0.10814801823880671,0.31761050894124332,-0.94203374183789368
-10.1,41.8,-136.2,155,191,201,-0.063826740088046993,0.30078077973002071,-0.95155507974826847
10.1,41.8,-136.2,155,201,191,0.063826740088047132,0.30078077973002071,-0.95155507974826847
-20.3,41.3,-136.2,156,186,206,-0.12744367369141388,0.29293387157734635,-0.94760110643600615
-15.2,40.4,-136.2,156,188,203,-0.095750034717061755,0.28990989460664729,-0.95225216400953583
-6.0,39.6,-136.2,156,192,198,-0.03837177578446381,0.28690584750431009,-0.95718997147430485
6.0,39.6,-136.2,156,198,192,0.038371775784463977,0.28690584750431009,-0.95718997147430485
15.2,40.4,-136.2,156,203,188,0.095750034717061949,0.28990989460664729,-0.95225216400953605
20.3,41.3,-136.2,156,206,186,0.1274436736914141,0.29293387157734635,-0.94760110643600615
-26.5,40.8,-136.2,157,183,209,-0.16543359909760111,0.28517529217197291,-0.94409044959910704
-23.3,40.0,-136.2,157,184,207,-0.14656391660950693,0.28206439775062514,-0.94813432269360376
-13.0,38.2,-136.2,157,188,201,-0.083137872173395119,0.27595604484097169,-0.95756793781235583
0.0,37.4,-136.2,157,194,194,9.7144514654701197e-17,0.27285598140887479,-0.96205489105840514
13.0,38.2,-136.2,157,201,188,0.083137872173395355,0.2759560448409718,-0.95756793781235594
23.3,40.0,-136.2,157,207,184,0.14656391660950721,0.28206439775062514,-0.94813432269360365
26.5,40.8,-136.2,157,209,183,0.1654335990976013,0.28517529217197285,-0.94409044959910693
-29.5,39.5,-136.2,158,181,210,-0.18445669295546374,0.27423511293078656,-0.94380656453521883
-10.9,36.1,-136.2,158,188,199,-0.070469556077522366,0.261879135002342,-0.96252447258065199
-8.9,36.0,-136.2,158,189,198,-0.057678607854032587,0.26196840558424622,-0.96335130283384607
8.9,36.0,-136.2,158,198,189,0.057678607854032726,0.26196840558424633,-0.96335130283384618
10.9,36.1,-136.2,158,199,188,0.070469556077522547,0.26187913500234195,-0.96252447258065188
29.5,39.5,-136.2,158,210,181,0.18445669295546394,0.27423511293078656,-0.94380656453521883
-4.9,33.8,-136.2,159,190,195,-0.03209999192430095,0.24780545684405236,-0.968277876478013
-2.9,33.8,-136.2,159,191,194,-0.019262887551675031,0.24783958241262591,-0.96860956146050237
-1.0,33.8,-136.2,159,192,193,-0.0064214447152089321,0.24785664692038911,-0.96877543714998837
1.0,33.8,-136.2,159,193,192,0.0064214447152090848,0.24785664692038917,-0.96877543714998848
2.9,33.8,-136.2,159,194,191,0.019262887551675184,0.24783958241262591,-0.96860956146050226
4.9,33.8,-136.2,159,195,190,0.032099991924301033,0.24780545684405231,-0.968277876478013
-30.1,35.9,-136.2,160,179,209,-0.19116650454419717,0.24936440876815955,-0.94935386404652067
-26.9,35.1,-136.2,160,180,207,-0.17234431340914488,0.24619440035336648,-0.95377447799266313
-11.7,32.5,-136.2,160,186,198,-0.077039155458307584,0.23675722457875048,-0.96850967219539819
11.7,32.5,-136.2,160,198,186,0.077039155458307737,0.23675722457875042,-0.96850967219539819
26.9,35.1,-136.2,160,207,180,0.17234431340914505,0.24619440035336643,-0.95377447799266291
30.1,35.9,-136.2,160,209,179,0.19116650454419726,0.24936440876815943,-0.94935386404652056
-24.7,32.8,-136.2,161,180,205,-0.1599190383887425,0.23211980389332282,-0.95945103981461477
-14.6,31.1,-136.2,161,184,199,-0.096327705488688728,0.22576640485027549,-0.969407294998478
-5.8,30.3,-136.2,161,188,194,-0.038602090827122071,0.22255067772998563,-0.97415659645957264
-3.9,30.3,-136.2,161,189,193,-0.025739538576931547,0.2225894330055245,-0.97457242956494816
3.9,30.3,-136.2,161,193,189,0.025739538576931679,0.2225894330055245,-0.97457242956494805
5.8,30.3,-136.2,161,194,188,0.03860209082712221,0.22255067772998566,-0.97415659645957275
14.6,31.1,-136.2,161,199,184,0.096327705488688881,0.22576640485027541,-0.969407294998478
24.7,32.8,-136.2,161,205,180,0.15991903838874266,0.23211980389332279,-0.95945103981461466
-30.7,32.3,-136.2,162,177,208,-0.19785919307178232,0.22426767060080691,-0.95423044996492912
-22.5,30.6,-136.2,162,180,203,-0.14742008505849272,0.21792827007783333,-0.96476659748471261
-17.5,29.7,-136.2,162,182,200,-0.11560284072422444,0.2147206089898428,-0.9698097974817127
-10.6,28.9,-136.2,162,185,196,-0.070785466957972762,0.21149787508702345,-0.97481181081335677
10.6,28.9,-136.2,162,196,185,0.070785466957972901,0.21149787508702339,-0.97481181081335666
17.5,29.7,-136.2,162,200,182,0.11560284072422461,0.2147206089898428,-0.96980979748171259
22.5,30.6,-136.2,162,203,180,0.14742008505849286,0.21792827007783327,-0.96476659748471261
30.7,32.3,-136.2,162,208,177,0.19785919307178251,0.22426767060080685,-0.95423044996492912
-34.8,31.7,-136.2,163,175,210,-0.2230316192212167,0.21658995975547893,-0.95044499375854585
-28.4,30.0,-136.2,163,177,206,-0.18549903465883893,0.21011699960951868,-0.95991716028818475
-20.3,28.4,-136.2,163,180,201,-0.13485215596889194,0.20362696147859294,-0.96971694663419039
-2.9,26.7,-136.2,163,188,191,-0.019345043491938399,0.19714886240348481,-0.98018268467939529
-1.0,26.7,-136.2,163,189,190,-0.0064488285653539193,0.19716277979927069,-0.98034955545048252
1.0,26.7,-136.2,163,190,189,0.0064488285653540303,0.19716277979927069,-0.98034955545048263
2.9,26.7,-136.2,163,191,188,0.01934504349193852,0.19714886240348481,-0.98018268467939518
20.3,28.4,-136.2,163,201,180,0.13485215596889205,0.20362696147859288,-0.96971694663419039
28.4,30.0,-136.2,163,206,177,0.18549903465883905,0.21011699960951866,-0.95991716028818452
34.8,31.7,-136.2,163,210,175,0.22303161922121681,0.21658995975547887,-0.95044499375854585
-9.5,25.3,-136.2,164,184,194,-0.064487009007429347,0.18601879546956429,-0.98042767882252702
9.5,25.3,-136.2,164,194,184,0.064487009007429458,0.18601879546956429,-0.98042767882252702
-24.0,25.6,-136.2,165,177,202,-0.16054712340859664,0.1814866032133875,-0.97019958463158051
-19.1,24.7,-136.2,165,179,199,-0.12871592577710875,0.17819859234920474,-0.97553957999463248
-12.3,23.9,-136.2,165,182,195,-0.083850635974440105,0.17490969386320254,-0.98100747695385204
12.3,23.9,-136.2,165,195,182,0.08385063597444016,0.17490969386320251,-0.98100747695385204
19.1,24.7,-136.2,165,199,179,0.12871592577710886,0.17819859234920471,-0.97553957999463248
24.0,25.6,-136.2,165,202,177,0.16054712340859673,0.18148660321338747,-0.97019958463158051
-36.2,26.7,-136.2,166,172,209,-0.23610375356261665,0.1803377136128578,-0.95484727920360646
-33.0,25.8,-136.2,166,173,207,-0.21741011717524467,0.17702819569259381,-0.95989262882869919
-15.1,22.5,-136.2,166,180,196,-0.10319984507868482,0.16375918957150079,-0.98108751893326041
-4.7,21.7,-136.2,166,185,190,-0.032321009495163096,0.16042624183223866,-0.98651851137056601
-2.8,21.6,-136.2,166,186,189,-0.019395487715443582,0.1604492779002529,-0.98685350699968011
-0.9,21.6,-136.2,166,187,188,-0.0064656430362426114,0.1604607969137925,-0.98702103732084578
0.9,21.6,-136.2,166,188,187,0.0064656430362427094,0.1604607969137925,-0.98702103732084578
2.8,21.6,-136.2,166,189,186,0.019395487715443697,0.16044927790025287,-0.98685350699968011
4.7,21.7,-136.2,166,190,185,0.032321009495163193,0.16042624183223866,-0.98651851137056601
15.1,22.5,-136.2,166,196,180,0.10319984507868489,0.16375918957150074,-0.98108751893326041
33.0,25.8,-136.2,166,207,173,0.2174101171752448,0.17702819569259379,-0.9598926288286993
36.2,26.7,-136.2,166,209,172,0.23610375356261681,0.18033771361285778,-0.95484727920360635
-37.0,25.2,-136.2,167,171,209,-0.24250290980964004,0.16936327350776648,-0.9552530661142058
-33.9,24.4,-136.2,167,172,207,-0.22383239104123223,0.16602810140732274,-0.96038207514709728
-30.8,23.6,-136.2,167,173,205,-0.20504589890389341,0.16265856453127667,-0.96514163247023943
-22.8,21.9,-136.2,167,176,200,-0.15444690086708468,0.15595334398355015,-0.97561504155732526
-17.9,21.1,-136.2,167,178,197,-0.12252202184747472,0.15257457639361696,-0.98066780960767508
-9.4,20.3,-136.2,167,182,192,-0.064645041847049944,0.14924844249285216,-0.98668430664425344
9.4,20.3,-136.2,167,192,182,0.064645041847050055,0.14924844249285213,-0.98668430664425344
17.9,21.1,-136.2,167,197,178,0.12252202184747478,0.15257457639361691,-0.98066780960767508
22.8,21.9,-136.2,167,200,176,0.15444690086708476,0.1559533439835501,-0.97561504155732526
30.8,23.6,-136.2,167,205,173,0.20504589890389352,0.16265856453127667,-0.96514163247023943
33.9,24.4,-136.2,167,207,172,0.22383239104123237,0.16602810140732266,-0.96038207514709717
37.0,25.2,-136.2,167,209,171,0.24250290980964009,0.16936327350776645,-0.9552530661142058
-37.9,23.8,-136.2,168,170,209,-0.24888595000885178,0.1583730638351199,-0.95549660205553222
-31.6,22.1,-136.2,168,172,205,-0.21147594043926216,0.15161797082925502,-0.96555161308805681
-28.6,21.3,-136.2,168,173,203,-0.19260213484800126,0.14819260515877944,-0.97002235511778101
-18.8,19.7,-136.2,168,177,197,-0.12901340042816875,0.14146778139941374,-0.98150008116957821
-12.1,18.8,-136.2,168,180,193,-0.084042768454139563,0.13806830196935549,-0.9868505241736778
12.1,18.8,-136.2,168,193,180,0.084042768454139632,0.13806830196935546,-0.9868505241736778
18.8,19.7,-136.2,168,197,177,0.12901340042816886,0.14146778139941371,-0.98150008116957821
28.6,21.3,-136.2,168,203,173,0.19260213484800134,0.14819260515877941,-0.97002235511778101
31.6,22.1,-136.2,168,205,172,0.21147594043926224,0.15161797082925493,-0.96555161308805693
37.9,23.8,-136.2,168,209,170,0.24888595000885189,0.1583730638351199,-0.95549660205553222
-38.7,22.4,-136.2,169,169,209,-0.25525147114565866,0.14736950557699405,-0.95557779134090859
-29.4,19.9,-136.2,169,172,203,-0.19903935321452773,0.13711492923649468,-0.97035191144883803
29.4,19.9,-136.2,169,203,172,0.19903935321452781,0.13711492923649463,-0.97035191144883803
38.7,22.4,-136.2,169,209,169,0.25525147114565877,0.14736950557699402,-0.9555777913409087
-39.5,20.9,-136.2,170,168,209,-0.26159807156081433,0.13635502343512959,-0.95549660205553233
-30.3,18.4,-136.2,170,171,203,-0.20546313248019804,0.12602457645699103,-0.97051672181382875
-15.8,16.0,-136.2,170,177,194,-0.10991397087744194,0.11570147124991081,-0.98718391830325047
-5.5,15.2,-136.2,170,182,188,-0.038885646477561722,0.11225274600119986,-0.99291854022030035
-3.7,15.1,-136.2,170,183,187,-0.025928567929528318,0.11227339320024299,-0.99333901289762472
-1.8,15.1,-136.2,170,184,186,-0.012965725555845775,0.11228578281308099,-0.99359136114343516
1.8,15.1,-136.2,170,186,184,0.012965725555845832,0.11228578281308099,-0.99359136114343505
3.7,15.1,-136.2,170,187,183,0.025928567929528398,0.11227339320024296,-0.99333901289762472
5.5,15.2,-136.2,170,188,182,0.038885646477561812,0.11225274600119987,-0.99291854022030035
15.8,16.0,-136.2,170,194,177,0.10991397087744201,0.11570147124991079,-0.98718391830325047
30.3,18.4,-136.2,170,203,171,0.20546313248019812,0.12602457645699103,-0.97051672181382875
39.5,20.9,-136.2,170,209,168,0.26159807156081438,0.13635502343512954,-0.95549660205553244
-40.4,19.4,-136.2,171,167,209,-0.26792435223063787,0.12533204363291159,-0.9552530661142058
-31.1,17.0,-136.2,171,170,203,-0.21187205095302755,0.11492400404048361,-0.97051672181382875
-23.2,15.4,-136.2,171,173,198,-0.16121543411003442,0.10795910677570336,-0.98099664376026563
-16.6,14.5,-136.2,171,176,194,-0.11640333444006538,0.1045299402815754,-0.98768606111252011
-8.3,13.7,-136.2,171,180,189,-0.058334762170842179,0.1010387719273456,-0.99317079200401637
8.3,13.7,-136.2,171,189,180,0.058334762170842235,0.10103877192734559,-0.99317079200401637
16.6,14.5,-136.2,171,194,176,0.11640333444006543,0.10452994028157533,-0.98768606111252
23.2,15.4,-136.2,171,198,173,0.16121543411003444,0.10795910677570331,-0.98099664376026563
31.1,17.0,-136.2,171,203,170,0.21187205095302761,0.1149240040404836,-0.97051672181382875
40.4,19.4,-136.2,171,209,167,0.26792435223063793,0.12533204363291153,-0.9552530661142058
-41.2,18.0,-136.2,172,166,209,-0.27422891803044597,0.1143029917076578,-0.95484727920360646
-38.1,17.1,-136.2,172,167,207,-0.25570074908145651,0.11083048612785812,-0.96038207514709728
-35.0,16.3,-136.2,172,168,205,-0.23704298462801385,0.1073345512949784,-0.96555161308805681
-31.9,15.5,-136.2,172,169,203,-0.21826468856417391,0.10381567161835759,-0.97035191144883803
-24.1,13.9,-136.2,172,172,198,-0.16766548856820987,0.096801714958666102,-0.98107987030834787
-11.0,12.3,-136.2,172,178,190,-0.077770906442820434,0.089802330692749205,-0.99291854022030035
11.0,12.3,-136.2,172,190,178,0.077770906442820489,0.089802330692749177,-0.99291854022030035
24.1,13.9,-136.2,172,198,172,0.16766548856820998,0.096801714958666074,-0.98107987030834787
31.9,15.5,-136.2,172,203,169,0.21826468856417397,0.10381567161835754,-0.97035191144883803
35.0,16.3,-136.2,172,205,168,0.23704298462801385,0.10733455129497836,-0.96555161308805693
38.1,17.1,-136.2,172,207,167,0.25570074908145657,0.11083048612785809,-0.96038207514709706
41.2,18.0,-136.2,172,209,166,0.27422891803044602,0.11430299170765774,-0.95484727920360646
-38.9,15.7,-136.2,173,166,207,-0.26201597324353154,0.099768586667216552,-0.9598926288286993
-35.8,14.9,-136.2,173,167,205,-0.24338939847914279,0.096245675126949148,-0.96514163247023954
-32.8,14.1,-136.2,173,168,203,-0.22463962814450048,0.092702039022095464,-0.97002235511778112
-24.9,12.4,-136.2,173,171,198,-0.17410304609265304,0.085637108033574424,-0.98099664376026563
-11.8,10.8,-136.2,173,177,190,-0.084267326715725441,0.078591495110843637,-0.99333901289762472
11.8,10.8,-136.2,173,190,177,0.084267326715725524,0.078591495110843623,-0.99333901289762472
24.9,12.4,-136.2,173,198,171,0.17410304609265304,0.085637108033574411,-0.98099664376026563
32.8,14.1,-136.2,173,203,168,0.22463962814450056,0.09270203902209545,-0.97002235511778112
35.8,14.9,-136.2,173,205,167,0.24338939847914284,0.096245675126949148,-0.96514163247023954
38.9,15.7,-136.2,173,207,166,0.2620159732435316,0.099768586667216455,-0.9598926288286993
-12.7,9.3,-136.2,174,176,190,-0.090759477622027518,0.067371539116400148,-0.99359136114343505
12.7,9.3,-136.2,174,190,176,0.09075947762202756,0.067371539116400134,-0.99359136114343505
-44.9,14.3,-136.2,175,163,210,-0.2990882169635023,0.084856068215011918,-0.95044499375854585
-13.6,7.8,-136.2,175,175,190,-0.097245917160096118,0.056144956449973547,-0.99367548800447036
13.6,7.8,-136.2,175,190,175,0.09724591716009616,0.056144956449973533,-0.99367548800447036
44.9,14.3,-136.2,175,210,163,0.29908821696350241,0.084856068215011904,-0.95044499375854574
-30.4,8.8,-136.2,176,167,200,-0.21228300812842982,0.055778267694897118,-0.97561504155732526
-20.9,7.1,-136.2,176,171,194,-0.14872725095994729,0.048543274569524994,-0.98768606111252
-14.4,6.3,-136.2,176,174,190,-0.10372520317787332,0.044914243696681039,-0.99359136114343505
-0.9,5.6,-136.2,176,181,182,-0.0064981960206497288,0.041272403074073573,-0.99912679985723962
0.9,5.6,-136.2,176,182,181,0.0064981960206497462,0.04127240307407358,-0.99912679985723962
14.4,6.3,-136.2,176,190,174,0.10372520317787334,0.044914243696681032,-0.99359136114343505
20.9,7.1,-136.2,176,194,171,0.14872725095994732,0.04854327456952498,-0.98768606111252
30.4,8.8,-136.2,176,200,167,0.21228300812842982,0.055778267694897091,-0.97561504155732526
-43.3,10.4,-136.2,177,162,208,-0.29315109652375049,0.059217252272050144,-0.95423044996492912
-40.2,9.6,-136.2,177,163,206,-0.27471617675822763,0.055588376587285264,-0.95991716028818463
-34.2,8.0,-136.2,177,165,202,-0.23744557053363843,0.048294585769666276,-0.97019958463158051
-26.4,6.4,-136.2,177,168,197,-0.18702139272300039,0.040994991499701504,-0.98150008116957821
-21.7,5.7,-136.2,177,170,194,-0.15515739879637863,0.037337555385732329,-0.98718391830325047
-15.3,4.9,-136.2,177,173,190,-0.11019589464525383,0.033681898089399552,-0.99333901289762472
-3.6,4.1,-136.2,177,179,183,-0.025994129024717847,0.030016763692760469,-0.99921133858341471
-1.8,4.1,-136.2,177,180,182,-0.012998508101586575,0.030020428091931565,-0.99946476310288712
-0.0,4.1,-136.2,177,181,181,6.9388939039072315e-18,0.030021649605584139,-0.99954924868910766
1.8,4.1,-136.2,177,182,180,0.012998508101586587,0.030020428091931554,-0.99946476310288712
3.6,4.1,-136.2,177,183,179,0.025994129024717854,0.030016763692760452,-0.9992113385834146
15.3,4.9,-136.2,177,190,173,0.11019589464525385,0.033681898089399531,-0.99333901289762472
21.7,5.7,-136.2,177,194,170,0.15515739879637863,0.037337555385732295,-0.98718391830325047
26.4,6.4,-136.2,177,197,168,0.18702139272300045,0.040994991499701441,-0.98150008116957821
34.2,8.0,-136.2,177,202,165,0.23744557053363849,0.048294585769666241,-0.97019958463158051
40.2,9.6,-136.2,177,206,163,0.27471617675822763,0.055588376587285236,-0.95991716028818463
43.3,10.4,-136.2,177,208,162,0.29315109652375054,0.059217252272050075,-0.95423044996492912
-27.2,5.0,-136.2,178,167,197,-0.19339447005225924,0.029819895246136638,-0.98066780960767508
-16.1,3.4,-136.2,178,172,190,-0.11665655292038205,0.022450415308450784,-0.99291854022030024
-4.4,2.6,-136.2,178,178,183,-0.032494343822197527,0.018760618152885995,-0.99929583048569082
-2.7,2.6,-136.2,178,179,182,-0.01949949358134424,0.018763839199141558,-0.99963377698464151
-0.9,2.5,-136.2,178,180,181,-0.0065003125347073377,0.018765449800283083,-0.99980278246799459
0.9,2.5,-136.2,178,181,180,0.0065003125347073507,0.018765449800283083,-0.99980278246799459
2.7,2.6,-136.2,178,182,179,0.019499493581344261,0.018763839199141555,-0.99963377698464151
4.4,2.6,-136.2,178,183,178,0.032494343822197527,0.018760618152885978,-0.99929583048569082
16.1,3.4,-136.2,178,190,172,0.11665655292038207,0.022450415308450766,-0.99291854022030024
27.2,5.0,-136.2,178,197,167,0.19339447005225918,0.029819895246136593,-0.98066780960767508
-46.1,8.1,-136.2,179,160,209,-0.31153916506501178,0.040872844903868319,-0.94935386404652067
-31.0,4.2,-136.2,179,165,199,-0.21868247078159297,0.022371965420006103,-0.97553957999463237
-5.3,1.1,-136.2,179,177,183,-0.038992344409683882,0.0075031942382758361,-0.99921133858341471
-3.5,1.0,-136.2,179,178,182,-0.025999708209654977,0.0075051372028049432,-0.99963377698464151
-1.8,1.0,-136.2,179,179,181,-0.01300129819068151,0.0075063030102045653,-0.99988730448009788
0.0,1.0,-136.2,179,180,180,2.1684043449710096e-18,0.0075066916174798748,-0.9999718243935477
1.8,1.0,-136.2,179,181,179,0.013001298190681519,0.0075063030102045644,-0.99988730448009788
3.5,1.0,-136.2,179,182,178,0.025999708209654981,0.0075051372028049372,-0.99963377698464151
5.3,1.1,-136.2,179,183,177,0.038992344409683889,0.0075031942382758265,-0.99921133858341471
31.0,4.2,-136.2,179,199,165,0.218682470781593,0.022371965420006027,-0.97553957999463248
46.1,8.1,-136.2,179,209,160,0.31153916506501178,0.040872844903868236,-0.94935386404652067
-43.8,5.8,-136.2,180,160,207,-0.29938276168006445,0.026157353433423378,-0.95377447799266291
-40.8,5.0,-136.2,180,161,205,-0.28098116608745094,0.022434047846768463,-0.95945103981461466
-37.7,4.2,-136.2,180,162,203,-0.26244146061944629,0.018705403649800861,-0.96476659748471261
-34.7,3.4,-136.2,180,163,201,-0.24377219952034279,0.014971912084865299,-0.96971694663419039
-27.0,1.9,-136.2,180,166,196,-0.19341954081141385,0.0074940927190091941,-0.98108751893326041
-22.4,1.1,-136.2,180,168,193,-0.16159204118991272,0.0037490215009805812,-0.9868505241736778
-16.0,0.3,-136.2,180,171,189,-0.11666952434168441,0.0,-0.99317079200401637
-4.4,-0.5,-136.2,180,177,182,-0.032497707410890045,-0.0037531758186939643,-0.99946476310288712
-2.6,-0.5,-136.2,180,178,181,-0.019501512507840452,-0.0037532891125465679,-0.99980278246799459
-0.9,-0.5,-136.2,180,179,180,-0.0065009856391132726,-0.0037533458087399378,-0.9999718243935477
0.9,-0.5,-136.2,180,180,179,0.0065009856391132709,-0.0037533458087399387,-0.9999718243935477
2.6,-0.5,-136.2,180,181,178,0.019501512507840445,-0.0037532891125465701,-0.99980278246799459
4.4,-0.5,-136.2,180,182,177,0.032497707410890045,-0.0037531758186939742,-0.99946476310288712
16.0,0.3,-136.2,180,189,171,0.1166695243416844,-1.4014703091300931e-17,-0.99317079200401637
22.4,1.1,-136.2,180,193,168,0.16159204118991269,0.0037490215009805539,-0.9868505241736778
27.0,1.9,-136.2,180,196,166,0.19341954081141383,0.0074940927190091525,-0.98108751893326041
34.7,3.4,-136.2,180,201,163,0.24377219952034279,0.01497191208486527,-0.96971694663419039
37.7,4.2,-136.2,180,203,162,0.26244146061944629,0.018705403649800788,-0.96476659748471261
40.8,5.0,-136.2,180,205,161,0.28098116608745094,0.02243404784676846,-0.95945103981461477
43.8,5.8,-136.2,180,207,160,0.2993827616800645,0.026157353433423319,-0.95377447799266291
-48.9,5.8,-136.2,181,158,210,-0.32972292088548749,0.022626625532104472,-0.94380656453521894
-5.3,-2.0,-136.2,181,176,182,-0.038992047547703558,-0.015008598704383161,-0.99912679985723962
-3.5,-2.0,-136.2,181,177,181,-0.025999511221950957,-0.01501082480279207,-0.99954924868910766
-1.8,-2.0,-136.2,181,178,180,-0.01300119997313311,-0.015012160687736515,-0.99980278246799459
0.0,-2.0,-136.2,181,179,179,-5.2041704279304244e-18,-0.015012606020409131,-0.99988730448009788
1.8,-2.0,-136.2,181,180,178,0.013001199973133102,-0.015012160687736517,-0.99980278246799459
3.5,-2.0,-136.2,181,181,177,0.025999511221950947,-0.015010824802792075,-0.99954924868910766
5.3,-2.0,-136.2,181,182,176,0.038992047547703551,-0.015008598704383168,-0.99912679985723951
48.9,5.8,-136.2,181,210,158,0.32972292088548749,0.022626625532104427,-0.94380656453521905
-34.5,0.3,-136.2,182,162,200,-0.24375492246338148,-0.0072453076780967379,-0.96980979748171259
-26.9,-1.3,-136.2,182,165,195,-0.19340155624091257,-0.014838066054254776,-0.98100747695385204
-22.2,-2.0,-136.2,182,167,192,-0.16157546359759589,-0.018639972778172698,-0.98668430664425344
-15.9,-2.8,-136.2,182,170,188,-0.11665655292038206,-0.022450415308450565,-0.99291854022030024
-4.4,-3.6,-136.2,182,176,181,-0.032493851527053808,-0.026263804369690405,-0.99912679985723962
-2.6,-3.6,-136.2,182,177,180,-0.019499199309303456,-0.02626725227323759,-0.99946476310288712
-0.9,-3.6,-136.2,182,178,179,-0.0065002146283107323,-0.026268976401946503,-0.99963377698464151
0.9,-3.6,-136.2,182,179,178,0.0065002146283107166,-0.026268976401946496,-0.99963377698464151
2.6,-3.6,-136.2,182,180,177,0.019499199309303446,-0.026267252273237601,-0.99946476310288712
4.4,-3.6,-136.2,182,181,176,0.032493851527053808,-0.026263804369690412,-0.99912679985723962
15.9,-2.8,-136.2,182,188,170,0.11665655292038202,-0.022450415308450586,-0.99291854022030035
22.2,-2.0,-136.2,182,192,167,0.16157546359759584,-0.018639972778172705,-0.98668430664425344
26.9,-1.3,-136.2,182,195,165,0.1934015562409126,-0.014838066054254823,-0.98100747695385204
34.5,0.3,-136.2,182,200,162,0.24375492246338146,-0.0072453076780967501,-0.9698097974817127
-48.6,2.6,-136.2,183,157,209,-0.32968584710137877,0.00068205337202656348,-0.94409044959910704
-15.0,-4.4,-136.2,183,170,187,-0.11019589464525369,-0.033681898089399413,-0.99333901289762472
-1.7,-5.1,-136.2,183,177,179,-0.012998215384966049,-0.037519957931036282,-0.9992113385834146
-0.0,-5.1,-136.2,183,178,178,-6.938893903907233e-18,-0.03752123630577197,-0.99929583048569082
1.7,-5.1,-136.2,183,179,177,0.012998215384966032,-0.037519957931036289,-0.99921133858341471
15.0,-4.4,-136.2,183,187,170,0.11019589464525367,-0.033681898089399455,-0.99333901289762472
48.6,2.6,-136.2,183,209,157,0.32968584710137872,0.00068205337202650873,-0.94409044959910693
-46.3,0.2,-136.2,184,157,207,-0.31755689225995326,-0.014104123813335395,-0.94813432269360365
-34.2,-2.9,-136.2,184,161,199,-0.2436832946657653,-0.029460962383667553,-0.969407294998478
-26.7,-4.4,-136.2,184,164,194,-0.19334050696173902,-0.037162009720272379,-0.98042767882252702
-14.0,-6.0,-136.2,184,170,186,-0.10372520317787318,-0.044914243696680928,-0.99359136114343516
14.0,-6.0,-136.2,184,186,170,0.10372520317787318,-0.044914243696680942,-0.99359136114343516
26.7,-4.4,-136.2,184,194,164,0.19334050696173902,-0.037162009720272414,-0.98042767882252702
34.2,-2.9,-136.2,184,199,161,0.24368329466576527,-0.029460962383667608,-0.969407294998478
46.3,0.2,-136.2,184,207,157,0.31755689225995326,-0.014104123813335492,-0.94813432269360365
-30.3,-5.3,-136.2,185,162,196,-0.21855526615077672,-0.044446924939163204,-0.97481181081335666
-21.1,-6.8,-136.2,185,166,190,-0.15509370560796612,-0.052222305617349946,-0.98651851137056601
21.1,-6.8,-136.2,185,190,166,0.15509370560796609,-0.052222305617350008,-0.98651851137056601
30.3,-5.3,-136.2,185,196,162,0.21855526615077667,-0.044446924939163274,-0.97481181081335666
-45.9,-3.0,-136.2,186,156,206,-0.31741001126061735,-0.036097476820294107,-0.94760110643600604
-34.0,-6.1,-136.2,186,160,198,-0.24355734874384932,-0.051660746576382199,-0.9685096721953983
-20.2,-8.4,-136.2,186,166,189,-0.14865089453820998,-0.06342765386976322,-0.98685350699968011
-12.2,-9.2,-136.2,186,170,184,-0.090759477622027393,-0.06737153911640005,-0.99359136114343516
12.2,-9.2,-136.2,186,184,170,0.090759477622027351,-0.067371539116400064,-0.99359136114343516
20.2,-8.4,-136.2,186,189,166,0.14865089453820993,-0.063427653869763248,-0.98685350699968011
34.0,-6.1,-136.2,186,198,160,0.24355734874384927,-0.051660746576382241,-0.9685096721953983
45.9,-3.0,-136.2,186,206,156,0.31741001126061735,-0.036097476820294162,-0.94760110643600615
-19.2,-10.0,-136.2,187,166,188,-0.1421959479569613,-0.074630987335708138,-0.98702103732084578
-11.3,-10.8,-136.2,187,170,183,-0.084267326715725316,-0.078591495110843498,-0.99333901289762472
11.3,-10.8,-136.2,187,183,170,0.084267326715725274,-0.07859149511084354,-0.99333901289762472
19.2,-10.0,-136.2,187,188,166,0.14219594795696128,-0.074630987335708193,-0.98702103732084578
-42.6,-7.1,-136.2,188,156,203,-0.29894435089635674,-0.062032984825106087,-0.95225216400953594
-39.6,-7.9,-136.2,188,157,201,-0.28055388124685704,-0.065978513101742228,-0.95756793781235583
-36.7,-8.6,-136.2,188,158,199,-0.26202876167188405,-0.069911141744624386,-0.96252447258065188
-29.1,-10.1,-136.2,188,161,194,-0.21203558595717242,-0.077844947569510783,-0.97415659645957264
-24.5,-10.9,-136.2,188,163,191,-0.18040844491458993,-0.081821132100408839,-0.98018268467939518
-18.3,-11.6,-136.2,188,166,187,-0.13573030492071866,-0.085829809578084296,-0.98702103732084578
-10.4,-12.4,-136.2,188,170,182,-0.077770906442820295,-0.089802330692749247,-0.99291854022030035
10.4,-12.4,-136.2,188,182,170,0.077770906442820253,-0.089802330692749288,-0.99291854022030035
18.3,-11.6,-136.2,188,187,166,0.13573030492071864,-0.085829809578084351,-0.98702103732084578
24.5,-10.9,-136.2,188,191,163,0.18040844491458988,-0.081821132100408894,-0.98018268467939529
29.1,-10.1,-136.2,188,194,161,0.2120355859571724,-0.077844947569510839,-0.97415659645957264
36.7,-8.6,-136.2,188,199,158,0.26202876167188405,-0.069911141744624455,-0.96252447258065188
39.6,-7.9,-136.2,188,201,157,0.28055388124685693,-0.065978513101742284,-0.95756793781235583
42.6,-7.1,-136.2,188,203,156,0.29894435089635668,-0.062032984825106142,-0.95225216400953583
-47.6,-7.3,-136.2,189,154,206,-0.32913277837142468,-0.065146323306872339,-0.94203374183789357
-35.7,-10.3,-136.2,189,158,198,-0.25571059815187885,-0.08103306313561022,-0.96335130283384607
-28.1,-11.8,-136.2,189,161,193,-0.2056378728852245,-0.089003622213449915,-0.97457242956494816
-23.6,-12.5,-136.2,189,163,190,-0.17397239026960276,-0.092996540537388039,-0.98034955545048263
-17.3,-13.3,-136.2,189,166,186,-0.12925540682276634,-0.097021624030489612,-0.98685350699968011
-7.7,-14.0,-136.2,189,171,180,-0.058334762170842262,-0.1010387719273456,-0.99317079200401637
7.7,-14.0,-136.2,189,180,171,0.058334762170842179,-0.1010387719273456,-0.99317079200401637
17.3,-13.3,-136.2,189,186,166,0.12925540682276632,-0.097021624030489681,-0.98685350699968011
23.6,-12.5,-136.2,189,190,163,0.17397239026960273,-0.092996540537388081,-0.98034955545048263
28.1,-11.8,-136.2,189,193,161,0.20563787288522445,-0.089003622213449943,-0.97457242956494816
35.7,-10.3,-136.2,189,198,158,0.25571059815187885,-0.081033063135610262,-0.96335130283384618
47.6,-7.3,-136.2,189,206,154,0.32913277837142463,-0.065146323306872395,-0.94203374183789357
-49.6,-8.2,-136.2,190,153,207,-0.3409787661872769,-0.072167379855169134,-0.93729683147562293
-31.8,-12.7,-136.2,190,159,195,-0.23065581678550831,-0.096103319954306141,-0.968277876478013
-22.6,-14.2,-136.2,190,163,189,-0.16752356170424887,-0.10416623926188262,-0.98034955545048263
-16.4,-14.9,-136.2,190,166,185,-0.12277269611280293,-0.10820393621488866,-0.98651851137056612
-5.1,-15.6,-136.2,190,172,178,-0.038885646477561639,-0.11225274600119997,-0.99291854022030024
-3.4,-15.7,-136.2,190,173,177,-0.025928567929528423,-0.11227339320024318,-0.99333901289762472
-1.7,-15.7,-136.2,190,174,176,-0.012965725555845811,-0.11228578281308119,-0.99359136114343505
-0.0,-15.7,-136.2,190,175,175,-5.5511151231257827e-17,-0.11228991289994708,-0.99367548800447036
1.7,-15.7,-136.2,190,176,174,0.012965725555845749,-0.11228578281308119,-0.99359136114343505
3.4,-15.7,-136.2,190,177,173,0.025928567929528332,-0.1122733932002432,-0.99333901289762472
5.1,-15.6,-136.2,190,178,172,0.038885646477561563,-0.11225274600119997,-0.99291854022030035
16.4,-14.9,-136.2,190,185,166,0.12277269611280286,-0.10820393621488869,-0.98651851137056601
22.6,-14.2,-136.2,190,189,163,0.16752356170424881,-0.10416623926188268,-0.98034955545048263
31.8,-12.7,-136.2,190,195,159,0.23065581678550823,-0.096103319954306224,-0.968277876478013
49.6,-8.2,-136.2,190,207,153,0.34097876618727685,-0.072167379855169175,-0.93729683147562282
-51.5,-9.1,-136.2,191,152,208,-0.35272684266858806,-0.07913583496070159,-0.93237400976545981
-41.2,-12.1,-136.2,191,155,201,-0.29239716626031315,-0.095114811508014929,-0.95155507974826847
-30.8,-14.4,-136.2,191,159,194,-0.2242668182084987,-0.10723764123631919,-0.96860956146050237
-21.7,-15.8,-136.2,191,163,188,-0.16106340142265149,-0.11532773030307593,-0.98018268467939518
21.7,-15.8,-136.2,191,188,163,0.16106340142265138,-0.11532773030307596,-0.98018268467939529
30.8,-14.4,-136.2,191,194,159,0.22426681820849861,-0.10723764123631926,-0.96860956146050237
41.2,-12.1,-136.2,191,201,155,0.29239716626031304,-0.095114811508014985,-0.95155507974826858
51.5,-9.1,-136.2,191,208,152,0.352726842668588,-0.079135834960701645,-0.93237400976545992
-53.5,-10.1,-136.2,192,151,209,-0.36437387762183754,-0.086049389566775047,-0.927268666494243
-46.2,-12.3,-136.2,192,153,204,-0.32258372520766943,-0.098092734524614228,-0.94144439860494478
-43.2,-13.1,-136.2,192,154,202,-0.30441439267073139,-0.10215692785678328,-0.94704584874533593
-37.3,-14.6,-136.2,192,156,198,-0.26765364032526873,-0.11022199113448874,-0.95718997147430485
-29.8,-16.1,-136.2,192,159,193,-0.21786087508749158,-0.1183671892078262,-0.96877543714998837
-12.9,-18.2,-136.2,192,167,182,-0.096930421750545961,-0.13060846971467943,-0.98668430664425344
12.9,-18.2,-136.2,192,182,167,0.09693042175054585,-0.13060846971467943,-0.98668430664425344
29.8,-16.1,-136.2,192,193,159,0.21786087508749155,-0.11836718920782625,-0.96877543714998848
37.3,-14.6,-136.2,192,198,156,0.26765364032526867,-0.11022199113448877,-0.95718997147430473
43.2,-13.1,-136.2,192,202,154,0.30441439267073139,-0.10215692785678333,-0.94704584874533593
46.2,-12.3,-136.2,192,204,153,0.32258372520766943,-0.098092734524614283,-0.94144439860494478
53.5,-10.1,-136.2,192,209,151,0.36437387762183754,-0.086049389566775103,-0.927268666494243
-48.1,-13.3,-136.2,193,152,205,-0.33439867063350037,-0.10504501553416566,-0.93655916726599553
-28.8,-17.8,-136.2,193,159,192,-0.21143943037228263,-0.12948945771256287,-0.96877543714998848
-24.3,-18.5,-136.2,193,161,189,-0.17989833430829291,-0.13358581079207454,-0.97457242956494816
-10.3,-19.9,-136.2,193,168,180,-0.077549272735773181,-0.14181732347033602,-0.9868505241736778
10.3,-19.9,-136.2,193,180,168,0.07754927273577307,-0.14181732347033604,-0.9868505241736778
24.3,-18.5,-136.2,193,189,161,0.17989833430829283,-0.1335858107920746,-0.97457242956494816
28.8,-17.8,-136.2,193,192,159,0.21143943037228258,-0.1294894577125629,-0.96877543714998837
48.1,-13.3,-136.2,193,205,152,0.33439867063350037,-0.10504501553416568,-0.93655916726599553
-50.1,-14.3,-136.2,194,151,206,-0.34611392168528987,-0.11194225224125026,-0.93149024974971451
-32.4,-18.7,-136.2,194,157,194,-0.23630021147462024,-0.1364279907044374,-0.96205489105840514
-27.8,-19.5,-136.2,194,159,191,-0.20500393065682349,-0.14060194117630667,-0.96860956146050237
-23.3,-20.2,-136.2,194,161,188,-0.17343349513005032,-0.1447057301604748,-0.97415659645957275
-17.1,-20.9,-136.2,194,164,184,-0.12885349795430973,-0.1488567857492919,-0.98042767882252702
-6.0,-21.6,-136.2,194,170,177,-0.045243427918936693,-0.15303902663564312,-0.98718391830325047
-4.3,-21.7,-136.2,194,171,176,-0.032323916519881951,-0.1530732148511004,-0.98768606111252
4.3,-21.7,-136.2,194,176,171,0.032323916519881833,-0.15307321485110034,-0.98768606111252
6.0,-21.6,-136.2,194,177,170,0.04524342791893661,-0.15303902663564314,-0.98718391830325058
17.1,-20.9,-136.2,194,184,164,0.12885349795430964,-0.14885678574929193,-0.98042767882252702
23.3,-20.2,-136.2,194,188,161,0.17343349513005024,-0.14470573016047486,-0.97415659645957275
27.8,-19.5,-136.2,194,191,159,0.20500393065682343,-0.14060194117630667,-0.96860956146050237
32.4,-18.7,-136.2,194,194,157,0.23630021147462013,-0.13642799070443745,-0.96205489105840503
50.1,-14.3,-136.2,194,206,151,0.3461139216852897,-0.11194225224125028,-0.93149024974971451
-26.8,-21.2,-136.2,195,159,190,-0.19855582486120732,-0.1517021368897461,-0.968277876478013
-14.5,-22.6,-136.2,195,165,182,-0.10955092026647253,-0.16007162780894771,-0.98100747695385204
14.5,-22.6,-136.2,195,182,165,0.10955092026647245,-0.16007162780894768,-0.98100747695385204
26.8,-21.2,-136.2,195,190,159,0.19855582486120724,-0.15170213688974618,-0.968277876478013
-19.7,-23.6,-136.2,196,162,185,-0.14776979919280395,-0.1670509501478602,-0.97481181081335666
-11.9,-24.3,-136.2,196,166,180,-0.090219695732729033,-0.17125328229050993,-0.98108751893326041
11.9,-24.3,-136.2,196,180,166,0.090219695732728949,-0.17125328229050996,-0.98108751893326041
19.7,-23.6,-136.2,196,185,162,0.14776979919280381,-0.16705095014786023,-0.97481181081335666
-42.7,-21.0,-136.2,197,152,200,-0.30326151545759161,-0.15305285132702434,-0.94053563353178304
-9.3,-26.1,-136.2,197,167,178,-0.070872448204784555,-0.18239447163975356,-0.98066780960767508
-7.6,-26.1,-136.2,197,168,177,-0.05800799229483164,-0.18246277289911519,-0.98150008116957821
7.6,-26.1,-136.2,197,177,168,0.058007992294831508,-0.18246277289911519,-0.98150008116957821
9.3,-26.1,-136.2,197,178,167,0.07087244820478443,-0.18239447163975361,-0.98066780960767508
42.7,-21.0,-136.2,197,200,152,0.30326151545759145,-0.1530528513270244,-0.94053563353178316
-44.6,-22.1,-136.2,198,151,201,-0.31506295440061588,-0.15989976019773339,-0.93550382225465167
-41.6,-22.8,-136.2,198,152,199,-0.29692014153798885,-0.16408126997661243,-0.94069961538842073
-31.3,-25.0,-136.2,198,156,192,-0.2292818645408049,-0.17668385636982128,-0.95718997147430473
-26.7,-25.7,-136.2,198,158,189,-0.19803199029784624,-0.18093534244863599,-0.96335130283384607
-22.3,-26.4,-136.2,198,160,186,-0.1665181932855416,-0.18509647800236825,-0.9685096721953983
-1.7,-27.8,-136.2,198,171,173,-0.012887611982618716,-0.19359621480927774,-0.98099664376026563
-0.0,-27.8,-136.2,198,172,172,-6.9388939039072271e-17,-0.1936034299173322,-0.98107987030834787
1.7,-27.8,-136.2,198,173,171,0.012887611982618565,-0.19359621480927777,-0.98099664376026563
22.3,-26.4,-136.2,198,186,160,0.16651819328554152,-0.18509647800236825,-0.9685096721953983
26.7,-25.7,-136.2,198,189,158,0.19803199029784613,-0.18093534244863604,-0.96335130283384607
31.3,-25.0,-136.2,198,192,156,0.22928186454080474,-0.17668385636982131,-0.95718997147430473
41.6,-22.8,-136.2,198,199,152,0.29692014153798874,-0.16408126997661249,-0.94069961538842084
44.6,-22.1,-136.2,198,201,151,0.31506295440061577,-0.1598997601977335,-0.93550382225465167
-43.5,-23.9,-136.2,199,151,200,-0.30873186976133038,-0.17091188729263351,-0.93566754746316982
-40.6,-24.6,-136.2,199,152,198,-0.29055861885395379,-0.17509975047886309,-0.94069961538842062
-25.8,-27.5,-136.2,199,158,188,-0.19155920559436151,-0.19196799325771749,-0.96252447258065188
-19.6,-28.2,-136.2,199,161,184,-0.14735558917707658,-0.19630544246660789,-0.96940729499847789
-11.9,-28.9,-136.2,199,165,179,-0.089966545004484325,-0.20057055776921073,-0.97553957999463248
11.9,-28.9,-136.2,199,179,165,0.089966545004484186,-0.20057055776921073,-0.97553957999463248
19.6,-28.2,-136.2,199,184,161,0.14735558917707653,-0.19630544246660797,-0.969407294998478
25.8,-27.5,-136.2,199,188,158,0.1915592055943614,-0.19196799325771755,-0.96252447258065199
40.6,-24.6,-136.2,199,198,152,0.29055861885395368,-0.17509975047886314,-0.94069961538842084
43.5,-23.9,-136.2,199,200,151,0.3087318697613301,-0.17091188729263354,-0.93566754746316982
-45.4,-25.0,-136.2,200,150,201,-0.32044257688008454,-0.17768436743190036,-0.93045409370520604
-42.5,-25.7,-136.2,200,151,199,-0.30237997108482856,-0.18191369852486386,-0.93566754746316982
-39.5,-26.4,-136.2,200,152,197,-0.28417841509964187,-0.18610575071292931,-0.94053563353178316
-17.0,-30.0,-136.2,200,162,182,-0.1281520817391571,-0.20747530131174607,-0.9698097974817127
-7.6,-30.7,-136.2,200,167,176,-0.057836107261345249,-0.21173161167844726,-0.97561504155732526
7.6,-30.7,-136.2,200,176,167,0.057836107261345068,-0.21173161167844728,-0.97561504155732526
17.0,-30.0,-136.2,200,182,162,0.12815208173915696,-0.20747530131174613,-0.9698097974817127
39.5,-26.4,-136.2,200,197,152,0.2841784150996417,-0.18610575071292931,-0.94053563353178316
42.5,-25.7,-136.2,200,199,151,0.30237997108482861,-0.181913698524864,-0.93566754746316994
45.4,-25.0,-136.2,200,201,150,0.32044257688008437,-0.17768436743190044,-0.93045409370520615
-44.3,-26.8,-136.2,201,150,200,-0.31410046449143647,-0.18866922831635094,-0.93045409370520604
-41.4,-27.5,-136.2,201,151,198,-0.29600873159058499,-0.19290264220344472,-0.93550382225465167
-31.1,-29.7,-136.2,201,155,191,-0.22857042617226597,-0.2056659682220057,-0.95155507974826836
-26.6,-30.4,-136.2,201,157,188,-0.1974160090734618,-0.20997753173922956,-0.95756793781235583
-14.4,-31.8,-136.2,201,163,180,-0.10892004355145088,-0.2185988735634582,-0.96971694663419039
14.4,-31.8,-136.2,201,180,163,0.1089200435514507,-0.2185988735634582,-0.96971694663419039
26.6,-30.4,-136.2,201,188,157,0.19741600907346166,-0.20997753173922962,-0.95756793781235583
31.1,-29.7,-136.2,201,191,155,0.22857042617226592,-0.20566596822200578,-0.95155507974826847
41.4,-27.5,-136.2,201,198,151,0.29600873159058483,-0.19290264220344466,-0.93550382225465167
44.3,-26.8,-136.2,201,200,150,0.31410046449143625,-0.18866922831635091,-0.93045409370520615
-32.9,-30.8,-136.2,202,154,192,-0.24067769103191428,-0.2125521334020731,-0.94704584874533593
-10.1,-33.6,-136.2,202,165,177,-0.076898447125041833,-0.22978118898305372,-0.97019958463158051
10.1,-33.6,-136.2,202,177,165,0.076898447125041708,-0.22978118898305375,-0.97019958463158051
32.9,-30.8,-136.2,202,192,154,0.24067769103191416,-0.2125521334020731,-0.94704584874533582
-27.4,-33.3,-136.2,203,156,188,-0.20319431617929498,-0.22787690978154107,-0.95225216400953605
-15.2,-34.8,-136.2,203,162,180,-0.11502137556095353,-0.23663367372763414,-0.96476659748471261
-4.2,-35.4,-136.2,203,168,173,-0.032037493296499298,-0.24089464418087486,-0.97002235511778112
-2.5,-35.4,-136.2,203,169,172,-0.019225335349646214,-0.24093060085485216,-0.97035191144883803
-0.8,-35.4,-136.2,203,170,171,-0.0064089184728295667,-0.24094858049747461,-0.97051672181382875
0.8,-35.4,-136.2,203,171,170,0.0064089184728294002,-0.24094858049747461,-0.97051672181382875
2.5,-35.4,-136.2,203,172,169,0.019225335349646072,-0.24093060085485218,-0.97035191144883803
4.2,-35.4,-136.2,203,173,168,0.0320374932964992,-0.24089464418087483,-0.97002235511778112
15.2,-34.8,-136.2,203,180,162,0.1150213755609534,-0.23663367372763414,-0.96476659748471272
27.4,-33.3,-136.2,203,188,156,0.20319431617929481,-0.22787690978154113,-0.95225216400953605
-33.8,-33.8,-136.2,204,153,192,-0.2462426626288336,-0.23031933361495313,-0.941444398604945
33.8,-33.8,-136.2,204,192,153,0.24624266262883349,-0.2303193336149531,-0.94144439860494489
-35.6,-35.0,-136.2,205,152,193,-0.25817098731026883,-0.23707523599327382,-0.93655916726599542
-16.1,-37.8,-136.2,205,161,180,-0.12106212769870843,-0.25455385174009126,-0.95945103981461455
-5.0,-38.4,-136.2,205,167,173,-0.038343499575249462,-0.25890423965822584,-0.96514163247023954
-3.4,-38.5,-136.2,205,168,172,-0.025567044188751768,-0.25895252212423336,-0.96555161308805681
3.4,-38.5,-136.2,205,172,168,0.025567044188751664,-0.25895252212423336,-0.96555161308805681
5.0,-38.4,-136.2,205,173,167,0.03834349957524931,-0.25890423965822584,-0.96514163247023943
16.1,-37.8,-136.2,205,180,161,0.12106212769870835,-0.25455385174009132,-0.95945103981461477
35.6,-35.0,-136.2,205,193,152,0.25817098731026855,-0.23707523599327382,-0.93655916726599542
-37.4,-36.2,-136.2,206,151,194,-0.27000179504041322,-0.2437723226622934,-0.93149024974971451
-30.1,-37.6,-136.2,206,154,189,-0.2209847601326182,-0.25246418563437095,-0.94203374183789357
-25.6,-38.3,-136.2,206,156,186,-0.18996633756920348,-0.25683639475705222,-0.94760110643600626
-11.8,-39.7,-136.2,206,163,177,-0.089217142099388802,-0.2657053761968039,-0.95991716028818463
11.8,-39.7,-136.2,206,177,163,0.089217142099388608,-0.26570537619680396,-0.95991716028818475
25.6,-38.3,-136.2,206,186,156,0.18996633756920325,-0.25683639475705228,-0.94760110643600615
30.1,-37.6,-136.2,206,189,154,0.22098476013261803,-0.25246418563437101,-0.94203374183789357
37.4,-36.2,-136.2,206,194,151,0.27000179504041305,-0.24377232266229346,-0.93149024974971462
-31.9,-38.8,-136.2,207,153,190,-0.23298816737277636,-0.2592125837416715,-0.93729683147562282
-23.0,-40.2,-136.2,207,157,184,-0.1709929756504463,-0.26796027393728977,-0.94813432269360376
-16.9,-40.8,-136.2,207,160,180,-0.12703844827091965,-0.27235175378678983,-0.95377447799266313
-5.9,-41.5,-136.2,207,166,173,-0.044605856068286931,-0.27679678235981026,-0.95989262882869919
-4.2,-41.5,-136.2,207,167,172,-0.031868358040224386,-0.27685858753518094,-0.96038207514709728
4.2,-41.5,-136.2,207,172,167,0.031868358040224171,-0.27685858753518089,-0.96038207514709717
5.9,-41.5,-136.2,207,173,166,0.044605856068286792,-0.27679678235981031,-0.9598926288286993
16.9,-40.8,-136.2,207,180,160,0.12703844827091945,-0.27235175378678989,-0.95377447799266313
23.0,-40.2,-136.2,207,184,157,0.17099297565044611,-0.26796027393728977,-0.94813432269360376
31.9,-38.8,-136.2,207,190,153,0.23298816737277617,-0.2592125837416715,-0.93729683147562282
-33.7,-40.1,-136.2,208,152,191,-0.24489706475995443,-0.26590248886732326,-0.93237400976545981
-12.6,-42.7,-136.2,208,162,177,-0.095291903451968168,-0.28348492287285698,-0.95423044996492912
12.6,-42.7,-136.2,208,177,162,0.095291903451968016,-0.28348492287285704,-0.95423044996492923
33.7,-40.1,-136.2,208,191,152,0.24489706475995426,-0.26590248886732326,-0.93237400976545981
-35.5,-41.3,-136.2,209,151,192,-0.25670789615588974,-0.27253233971256585,-0.927268666494243
-22.1,-43.4,-136.2,209,157,183,-0.16425224800377772,-0.28585734554399944,-0.94409044959910704
-16.0,-44.0,-136.2,209,160,179,-0.1203726605208147,-0.29023725367202774,-0.94935386404652078
-5.0,-44.7,-136.2,209,166,172,-0.038125164467829403,-0.29464070532051556,-0.95484727920360646
-3.4,-44.7,-136.2,209,167,171,-0.025421442420997899,-0.29469531714067809,-0.9552530661142058
-1.7,-44.7,-136.2,209,168,170,-0.012712121551962569,-0.29472808727024941,-0.95549660205553244
-0.0,-44.7,-136.2,209,169,169,-9.714451465470121e-17,-0.29473901115398804,-0.95557779134090859
1.7,-44.7,-136.2,209,170,168,0.012712121551962399,-0.29472808727024935,-0.95549660205553233
3.4,-44.7,-136.2,209,171,167,0.025421442420997684,-0.29469531714067804,-0.9552530661142058
5.0,-44.7,-136.2,209,172,166,0.038125164467829209,-0.29464070532051556,-0.95484727920360646
16.0,-44.0,-136.2,209,179,160,0.1203726605208145,-0.29023725367202774,-0.94935386404652067
22.1,-43.4,-136.2,209,183,157,0.16425224800377752,-0.28585734554399944,-0.94409044959910704
35.5,-41.3,-136.2,209,192,151,0.25670789615588957,-0.27253233971256591,-0.92726866649424311
-19.5,-45.3,-136.2,210,158,181,-0.14526622793002381,-0.29686173846289104,-0.94380656453521894
-10.1,-46.0,-136.2,210,163,175,-0.076056597742285598,-0.30144602797049075,-0.95044499375854574
10.1,-46.0,-136.2,210,175,163,0.076056597742285431,-0.30144602797049086,-0.95044499375854574
19.5,-45.3,-136.2,210,181,158,0.14526622793002361,-0.29686173846289104,-0.94380656453521894
